,Bid5,Bid4,Bid3,Bid2,Bid1,core,Ask1,Ask2,Ask3,Ask4,Ask5
0,"1.13,25","1.14,15","1.15,10","1.16,28","1.17,9",1.16981,"1.18,15","1.19,159","1.2,163","1.21,49","1.22,55"
,Bid5,Bid4,Bid3,Bid2,Bid1,core,Ask1,Ask2,Ask3,Ask4,Ask5
0,"1.13,25","1.14,15","1.15,10","1.16,28","1.17,8",1.16962,"1.18,15","1.19,159","1.2,163","1.21,49","1.22,55"
,price,lots,type,time
0,1.17,1,SELL,14:00:14
,Bid5,Bid4,Bid3,Bid2,Bid1,core,Ask1,Ask2,Ask3,Ask4,Ask5
0,"1.13,25","1.14,15","1.15,10","1.16,28","1.17,8",1.16962,"1.18,15","1.19,159","1.2,163","1.21,49","1.22,55"
,Bid5,Bid4,Bid3,Bid2,Bid1,core,Ask1,Ask2,Ask3,Ask4,Ask5
0,"1.12,47","1.13,25","1.14,15","1.15,10","1.16,22",1.16551,"1.18,14","1.19,159","1.2,173","1.21,49","1.22,55"
,Bid5,Bid4,Bid3,Bid2,Bid1,core,Ask1,Ask2,Ask3,Ask4,Ask5
0,"1.12,47","1.13,25","1.14,15","1.15,10","1.16,22",1.16528,"1.18,15","1.19,159","1.2,173","1.21,48","1.22,55"
,Bid5,Bid4,Bid3,Bid2,Bid1,core,Ask1,Ask2,Ask3,Ask4,Ask5
0,"1.12,47","1.13,25","1.14,15","1.15,10","1.16,22",1.1653,"1.18,15","1.19,159","1.2,163","1.21,48","1.22,65"
,Bid5,Bid4,Bid3,Bid2,Bid1,core,Ask1,Ask2,Ask3,Ask4,Ask5
0,"1.12,47","1.13,25","1.14,15","1.15,10","1.16,22",1.16508,"1.18,16","1.19,159","1.2,163","1.21,48","1.22,65"
,Bid5,Bid4,Bid3,Bid2,Bid1,core,Ask1,Ask2,Ask3,Ask4,Ask5
0,"1.12,47","1.13,25","1.14,15","1.15,10","1.16,22",1.16553,"1.17,1","1.18,15","1.19,159","1.2,163","1.21,48"
,Bid5,Bid4,Bid3,Bid2,Bid1,core,Ask1,Ask2,Ask3,Ask4,Ask5
0,"1.12,47","1.13,25","1.14,15","1.15,10","1.16,21",1.16551,"1.17,1","1.18,15","1.19,159","1.2,163","1.21,48"
,price,lots,type,time
0,1.16,1,SELL,14:02:13
,Bid5,Bid4,Bid3,Bid2,Bid1,core,Ask1,Ask2,Ask3,Ask4,Ask5
0,"1.12,47","1.13,25","1.14,15","1.15,10","1.16,21",1.16551,"1.17,1","1.18,15","1.19,159","1.2,163","1.21,48"
,Bid5,Bid4,Bid3,Bid2,Bid1,core,Ask1,Ask2,Ask3,Ask4,Ask5
0,"1.12,47","1.13,25","1.14,15","1.15,10","1.16,21",1.16551,"1.17,1","1.18,15","1.19,159","1.2,169","1.21,48"
,Bid5,Bid4,Bid3,Bid2,Bid1,core,Ask1,Ask2,Ask3,Ask4,Ask5
0,"1.12,47","1.13,25","1.14,15","1.15,10","1.16,21",1.16471,"1.17,4","1.18,15","1.19,159","1.2,169","1.21,48"
,Bid5,Bid4,Bid3,Bid2,Bid1,core,Ask1,Ask2,Ask3,Ask4,Ask5
0,"1.12,47","1.13,25","1.14,15","1.15,10","1.16,21",1.16471,"1.17,4","1.18,15","1.19,159","1.2,169","1.21,48"
,Bid5,Bid4,Bid3,Bid2,Bid1,core,Ask1,Ask2,Ask3,Ask4,Ask5
0,"1.11,53","1.12,35","1.13,29","1.14,15","1.15,10",1.15209,"1.16,25","1.17,47","1.18,26","1.19,154","1.2,180"
,Bid5,Bid4,Bid3,Bid2,Bid1,core,Ask1,Ask2,Ask3,Ask4,Ask5
0,"1.11,53","1.12,35","1.13,29","1.14,15","1.15,10",1.15209,"1.16,25","1.17,47","1.18,26","1.19,154","1.2,178"
,Bid5,Bid4,Bid3,Bid2,Bid1,core,Ask1,Ask2,Ask3,Ask4,Ask5
0,"1.11,53","1.12,35","1.13,29","1.14,15","1.15,9",1.15194,"1.16,25","1.17,47","1.18,26","1.19,154","1.2,178"
,price,lots,type,time
0,1.15,1,SELL,14:14:18
,Bid5,Bid4,Bid3,Bid2,Bid1,core,Ask1,Ask2,Ask3,Ask4,Ask5
0,"1.11,53","1.12,35","1.13,29","1.14,15","1.15,9",1.15194,"1.16,25","1.17,47","1.18,26","1.19,154","1.2,178"
,Bid5,Bid4,Bid3,Bid2,Bid1,core,Ask1,Ask2,Ask3,Ask4,Ask5
0,"1.11,53","1.12,35","1.13,29","1.14,15","1.15,11",1.15223,"1.16,25","1.17,47","1.18,26","1.19,154","1.2,178"
,Bid5,Bid4,Bid3,Bid2,Bid1,core,Ask1,Ask2,Ask3,Ask4,Ask5
0,"1.11,53","1.12,35","1.13,29","1.14,15","1.15,11",1.15223,"1.16,25","1.17,47","1.18,26","1.19,154","1.2,179"
,Bid5,Bid4,Bid3,Bid2,Bid1,core,Ask1,Ask2,Ask3,Ask4,Ask5
0,"1.08,65","1.09,87","1.1,57","1.11,39","1.12,20",1.12531,"1.14,40","1.15,92","1.16,94","1.17,109","1.18,52"
,Bid5,Bid4,Bid3,Bid2,Bid1,core,Ask1,Ask2,Ask3,Ask4,Ask5
0,"1.08,65","1.09,89","1.1,57","1.11,39","1.12,20",1.12531,"1.14,40","1.15,92","1.16,94","1.17,109","1.18,52"
,Bid5,Bid4,Bid3,Bid2,Bid1,core,Ask1,Ask2,Ask3,Ask4,Ask5
0,"1.08,65","1.09,89","1.1,57","1.11,39","1.12,20",1.12647,"1.13,5","1.14,40","1.15,92","1.16,94","1.17,109"
,Bid5,Bid4,Bid3,Bid2,Bid1,core,Ask1,Ask2,Ask3,Ask4,Ask5
0,"1.08,65","1.09,89","1.1,57","1.11,49","1.12,20",1.12682,"1.13,5","1.14,40","1.15,92","1.16,94","1.17,109"
,Bid5,Bid4,Bid3,Bid2,Bid1,core,Ask1,Ask2,Ask3,Ask4,Ask5
0,"1.08,65","1.09,89","1.1,57","1.11,49","1.12,20",1.12682,"1.13,5","1.14,40","1.15,92","1.16,94","1.17,109"
,Bid5,Bid4,Bid3,Bid2,Bid1,core,Ask1,Ask2,Ask3,Ask4,Ask5
0,"1.08,65","1.09,88","1.1,57","1.11,50","1.12,20",1.12685,"1.13,5","1.14,40","1.15,92","1.16,94","1.17,109"
,Bid5,Bid4,Bid3,Bid2,Bid1,core,Ask1,Ask2,Ask3,Ask4,Ask5
0,"1.08,65","1.09,88","1.1,49","1.11,50","1.12,20",1.12667,"1.13,5","1.14,40","1.15,92","1.16,94","1.17,109"
,Bid5,Bid4,Bid3,Bid2,Bid1,core,Ask1,Ask2,Ask3,Ask4,Ask5
0,"1.08,65","1.09,88","1.1,49","1.11,50","1.12,10",1.12574,"1.13,5","1.14,40","1.15,92","1.16,94","1.17,109"
,Bid5,Bid4,Bid3,Bid2,Bid1,core,Ask1,Ask2,Ask3,Ask4,Ask5
0,"1.08,65","1.09,88","1.1,49","1.11,50","1.12,10",1.12574,"1.13,5","1.14,40","1.15,92","1.16,94","1.17,109"
,Bid5,Bid4,Bid3,Bid2,Bid1,core,Ask1,Ask2,Ask3,Ask4,Ask5
0,"1.08,65","1.09,88","1.1,49","1.11,50","1.12,10",1.12545,"1.13,6","1.14,40","1.15,92","1.16,94","1.17,109"
,Bid5,Bid4,Bid3,Bid2,Bid1,core,Ask1,Ask2,Ask3,Ask4,Ask5
0,"1.08,65","1.09,88","1.1,49","1.11,50","1.12,10",1.12652,"1.13,6","1.14,18","1.15,92","1.16,94","1.17,109"
,Bid5,Bid4,Bid3,Bid2,Bid1,core,Ask1,Ask2,Ask3,Ask4,Ask5
0,"1.08,65","1.09,88","1.1,49","1.11,50","1.12,10",1.12652,"1.13,6","1.14,18","1.15,92","1.16,94","1.17,109"
,Bid5,Bid4,Bid3,Bid2,Bid1,core,Ask1,Ask2,Ask3,Ask4,Ask5
0,"1.09,88","1.1,49","1.11,50","1.12,10","1.13,2",1.12902,"1.14,18","1.15,92","1.16,94","1.17,109","1.18,52"
,price,lots,type,time
0,1.13,6,BUY,14:29:57
,Bid5,Bid4,Bid3,Bid2,Bid1,core,Ask1,Ask2,Ask3,Ask4,Ask5
0,"1.09,88","1.1,49","1.11,50","1.12,10","1.13,2",1.12902,"1.14,18","1.15,92","1.16,94","1.17,79","1.18,82"
,Bid5,Bid4,Bid3,Bid2,Bid1,core,Ask1,Ask2,Ask3,Ask4,Ask5
0,"1.09,88","1.1,49","1.11,46","1.12,14","1.13,2",1.12914,"1.14,18","1.15,92","1.16,94","1.17,79","1.18,82"
,Bid5,Bid4,Bid3,Bid2,Bid1,core,Ask1,Ask2,Ask3,Ask4,Ask5
0,"1.08,65","1.09,88","1.1,49","1.11,46","1.12,14",1.12781,"1.13,3","1.14,18","1.15,92","1.16,94","1.17,79"
,price,lots,type,time
0,1.13,2,SELL,14:31:28
,Bid5,Bid4,Bid3,Bid2,Bid1,core,Ask1,Ask2,Ask3,Ask4,Ask5
0,"1.09,88","1.1,49","1.11,46","1.12,14","1.13,10",1.13094,"1.14,18","1.15,92","1.16,94","1.17,79","1.18,82"
,price,lots,type,time
0,1.13,3,BUY,14:31:53
,Bid5,Bid4,Bid3,Bid2,Bid1,core,Ask1,Ask2,Ask3,Ask4,Ask5
0,"1.09,88","1.1,54","1.11,46","1.12,14","1.13,10",1.13094,"1.14,18","1.15,92","1.16,94","1.17,79","1.18,82"
,Bid5,Bid4,Bid3,Bid2,Bid1,core,Ask1,Ask2,Ask3,Ask4,Ask5
0,"1.09,88","1.1,54","1.11,46","1.12,29","1.13,10",1.13158,"1.14,18","1.15,92","1.16,94","1.17,79","1.18,82"
,Bid5,Bid4,Bid3,Bid2,Bid1,core,Ask1,Ask2,Ask3,Ask4,Ask5
0,"1.09,88","1.1,54","1.11,46","1.12,29","1.13,10",1.13158,"1.14,18","1.15,92","1.16,94","1.17,79","1.18,82"
,Bid5,Bid4,Bid3,Bid2,Bid1,core,Ask1,Ask2,Ask3,Ask4,Ask5
0,"1.09,88","1.1,55","1.11,46","1.12,29","1.13,10",1.13158,"1.14,18","1.15,92","1.16,94","1.17,79","1.18,82"
,Bid5,Bid4,Bid3,Bid2,Bid1,core,Ask1,Ask2,Ask3,Ask4,Ask5
0,"1.09,88","1.1,55","1.11,46","1.12,25","1.13,10",1.13142,"1.14,18","1.15,92","1.16,94","1.17,79","1.18,82"
,Bid5,Bid4,Bid3,Bid2,Bid1,core,Ask1,Ask2,Ask3,Ask4,Ask5
0,"1.09,88","1.1,60","1.11,46","1.12,25","1.13,10",1.13142,"1.14,18","1.15,92","1.16,94","1.17,79","1.18,82"
,Bid5,Bid4,Bid3,Bid2,Bid1,core,Ask1,Ask2,Ask3,Ask4,Ask5
0,"1.09,88","1.1,60","1.11,46","1.12,25","1.13,10",1.13142,"1.14,18","1.15,92","1.16,94","1.17,79","1.18,82"
,Bid5,Bid4,Bid3,Bid2,Bid1,core,Ask1,Ask2,Ask3,Ask4,Ask5
0,"1.09,114","1.1,60","1.11,46","1.12,25","1.13,10",1.13142,"1.14,18","1.15,92","1.16,94","1.17,79","1.18,82"
,Bid5,Bid4,Bid3,Bid2,Bid1,core,Ask1,Ask2,Ask3,Ask4,Ask5
0,"1.09,114","1.1,60","1.11,46","1.12,25","1.13,20",1.13261,"1.14,18","1.15,92","1.16,94","1.17,79","1.18,82"
,Bid5,Bid4,Bid3,Bid2,Bid1,core,Ask1,Ask2,Ask3,Ask4,Ask5
0,"1.09,114","1.1,60","1.11,46","1.12,25","1.13,20",1.13392,"1.14,8","1.15,92","1.16,94","1.17,79","1.18,82"
,price,lots,type,time
0,1.14,10,BUY,14:35:43
,Bid5,Bid4,Bid3,Bid2,Bid1,core,Ask1,Ask2,Ask3,Ask4,Ask5
0,"1.09,114","1.1,60","1.11,46","1.12,25","1.13,20",1.13317,"1.14,13","1.15,92","1.16,94","1.17,79","1.18,82"
,Bid5,Bid4,Bid3,Bid2,Bid1,core,Ask1,Ask2,Ask3,Ask4,Ask5
0,"1.09,114","1.1,60","1.11,46","1.12,40","1.13,20",1.1337,"1.14,13","1.15,92","1.16,94","1.17,79","1.18,82"
,Bid5,Bid4,Bid3,Bid2,Bid1,core,Ask1,Ask2,Ask3,Ask4,Ask5
0,"1.09,114","1.1,60","1.11,46","1.12,30","1.13,20",1.13336,"1.14,13","1.15,92","1.16,94","1.17,79","1.18,82"
,Bid5,Bid4,Bid3,Bid2,Bid1,core,Ask1,Ask2,Ask3,Ask4,Ask5
0,"1.09,114","1.1,60","1.11,46","1.12,30","1.13,20",1.13521,"1.14,3","1.15,92","1.16,94","1.17,79","1.18,82"
,price,lots,type,time
0,1.14,10,BUY,14:36:02
,Bid5,Bid4,Bid3,Bid2,Bid1,core,Ask1,Ask2,Ask3,Ask4,Ask5
0,"1.09,114","1.1,95","1.11,46","1.12,30","1.13,20",1.13521,"1.14,3","1.15,92","1.16,94","1.17,79","1.18,82"
,Bid5,Bid4,Bid3,Bid2,Bid1,core,Ask1,Ask2,Ask3,Ask4,Ask5
0,"1.09,114","1.1,95","1.11,46","1.12,30","1.13,20",1.13336,"1.14,13","1.15,92","1.16,94","1.17,79","1.18,82"
,Bid5,Bid4,Bid3,Bid2,Bid1,core,Ask1,Ask2,Ask3,Ask4,Ask5
0,"1.09,114","1.1,95","1.11,46","1.12,30","1.13,20",1.13521,"1.14,3","1.15,92","1.16,94","1.17,79","1.18,82"
,price,lots,type,time
0,1.14,10,BUY,14:37:26
,Bid5,Bid4,Bid3,Bid2,Bid1,core,Ask1,Ask2,Ask3,Ask4,Ask5
0,"1.09,114","1.1,95","1.11,46","1.12,30","1.13,20",1.13264,"1.15,92","1.16,94","1.17,79","1.18,82","1.19,175"
,price,lots,type,time
0,1.14,3,NEUTRAL,14:38:00
,Bid5,Bid4,Bid3,Bid2,Bid1,core,Ask1,Ask2,Ask3,Ask4,Ask5
0,"1.1,95","1.11,46","1.12,30","1.13,20","1.14,10",1.13912,"1.15,92","1.16,94","1.17,79","1.18,82","1.19,175"
,Bid5,Bid4,Bid3,Bid2,Bid1,core,Ask1,Ask2,Ask3,Ask4,Ask5
0,"1.1,95","1.11,46","1.12,30","1.13,20","1.14,10",1.13912,"1.15,92","1.16,94","1.17,79","1.18,83","1.19,175"
,Bid5,Bid4,Bid3,Bid2,Bid1,core,Ask1,Ask2,Ask3,Ask4,Ask5
0,"1.1,95","1.11,46","1.12,30","1.13,20","1.14,2",1.13858,"1.15,92","1.16,94","1.17,79","1.18,83","1.19,175"
,price,lots,type,time
0,1.14,5,SELL,14:38:29
1,1.14,3,SELL,14:38:29
,Bid5,Bid4,Bid3,Bid2,Bid1,core,Ask1,Ask2,Ask3,Ask4,Ask5
0,"1.1,95","1.11,46","1.12,30","1.13,20","1.14,2",1.13858,"1.15,92","1.16,94","1.17,79","1.18,83","1.19,175"
,Bid5,Bid4,Bid3,Bid2,Bid1,core,Ask1,Ask2,Ask3,Ask4,Ask5
0,"1.1,95","1.11,45","1.12,30","1.13,20","1.14,2",1.13858,"1.15,92","1.16,94","1.17,79","1.18,83","1.19,175"
,Bid5,Bid4,Bid3,Bid2,Bid1,core,Ask1,Ask2,Ask3,Ask4,Ask5
0,"1.1,95","1.11,45","1.12,30","1.13,20","1.14,2",1.13858,"1.15,92","1.16,94","1.17,79","1.18,83","1.19,175"
,Bid5,Bid4,Bid3,Bid2,Bid1,core,Ask1,Ask2,Ask3,Ask4,Ask5
0,"1.1,95","1.11,45","1.12,30","1.13,20","1.14,24",1.13988,"1.15,92","1.16,94","1.17,79","1.18,83","1.19,175"
,Bid5,Bid4,Bid3,Bid2,Bid1,core,Ask1,Ask2,Ask3,Ask4,Ask5
0,"1.1,95","1.11,45","1.12,30","1.13,20","1.14,23",1.13983,"1.15,92","1.16,94","1.17,79","1.18,83","1.19,175"
,price,lots,type,time
0,1.14,1,SELL,14:41:05
,Bid5,Bid4,Bid3,Bid2,Bid1,core,Ask1,Ask2,Ask3,Ask4,Ask5
0,"1.1,95","1.11,45","1.12,30","1.13,20","1.14,8",1.13899,"1.15,92","1.16,94","1.17,79","1.18,83","1.19,175"
,price,lots,type,time
0,1.14,15,SELL,14:42:19
,Bid5,Bid4,Bid3,Bid2,Bid1,core,Ask1,Ask2,Ask3,Ask4,Ask5
0,"1.09,114","1.1,95","1.11,45","1.12,30","1.13,20",1.13261,"1.15,92","1.16,94","1.17,79","1.18,83","1.19,175"
,Bid5,Bid4,Bid3,Bid2,Bid1,core,Ask1,Ask2,Ask3,Ask4,Ask5
0,"1.09,114","1.1,95","1.11,45","1.12,30","1.13,20",1.13576,"1.14,1","1.15,92","1.16,94","1.17,79","1.18,83"
,Bid5,Bid4,Bid3,Bid2,Bid1,core,Ask1,Ask2,Ask3,Ask4,Ask5
0,"1.09,114","1.1,95","1.11,45","1.12,30","1.13,19",1.13574,"1.14,1","1.15,92","1.16,94","1.17,79","1.18,83"
,price,lots,type,time
0,1.13,1,SELL,14:42:46
,Bid5,Bid4,Bid3,Bid2,Bid1,core,Ask1,Ask2,Ask3,Ask4,Ask5
0,"1.09,114","1.1,95","1.11,45","1.12,30","1.13,20",1.13576,"1.14,1","1.15,92","1.16,94","1.17,79","1.18,83"
,Bid5,Bid4,Bid3,Bid2,Bid1,core,Ask1,Ask2,Ask3,Ask4,Ask5
0,"1.09,114","1.1,95","1.11,49","1.12,30","1.13,20",1.13586,"1.14,1","1.15,92","1.16,94","1.17,79","1.18,83"
,Bid5,Bid4,Bid3,Bid2,Bid1,core,Ask1,Ask2,Ask3,Ask4,Ask5
0,"1.09,114","1.1,95","1.11,49","1.12,30","1.13,25",1.13592,"1.14,1","1.15,92","1.16,94","1.17,79","1.18,83"
,Bid5,Bid4,Bid3,Bid2,Bid1,core,Ask1,Ask2,Ask3,Ask4,Ask5
0,"1.09,114","1.1,95","1.11,49","1.12,30","1.13,25",1.13567,"1.14,2","1.15,92","1.16,94","1.17,79","1.18,83"
,Bid5,Bid4,Bid3,Bid2,Bid1,core,Ask1,Ask2,Ask3,Ask4,Ask5
0,"1.09,114","1.1,95","1.11,49","1.12,30","1.13,25",1.13544,"1.14,3","1.15,92","1.16,94","1.17,78","1.18,83"
,Bid5,Bid4,Bid3,Bid2,Bid1,core,Ask1,Ask2,Ask3,Ask4,Ask5
0,"1.09,114","1.1,95","1.11,49","1.12,30","1.13,25",1.13544,"1.14,3","1.15,92","1.16,94","1.17,78","1.18,125"
,Bid5,Bid4,Bid3,Bid2,Bid1,core,Ask1,Ask2,Ask3,Ask4,Ask5
0,"1.09,114","1.1,95","1.11,49","1.12,30","1.13,25",1.13544,"1.14,3","1.15,92","1.16,94","1.17,78","1.18,95"
,Bid5,Bid4,Bid3,Bid2,Bid1,core,Ask1,Ask2,Ask3,Ask4,Ask5
0,"1.09,114","1.1,95","1.11,49","1.12,30","1.13,25",1.13522,"1.14,4","1.15,92","1.16,94","1.17,78","1.18,94"
,Bid5,Bid4,Bid3,Bid2,Bid1,core,Ask1,Ask2,Ask3,Ask4,Ask5
0,"1.09,114","1.1,90","1.11,49","1.12,30","1.13,25",1.13522,"1.14,4","1.15,92","1.16,94","1.17,78","1.18,94"
,Bid5,Bid4,Bid3,Bid2,Bid1,core,Ask1,Ask2,Ask3,Ask4,Ask5
0,"1.09,114","1.1,90","1.11,49","1.12,30","1.13,24",1.13519,"1.14,4","1.15,92","1.16,94","1.17,78","1.18,94"
,Bid5,Bid4,Bid3,Bid2,Bid1,core,Ask1,Ask2,Ask3,Ask4,Ask5
0,"1.09,114","1.1,90","1.11,49","1.12,30","1.13,24",1.13315,"1.15,92","1.16,94","1.17,78","1.18,94","1.19,175"
,price,lots,type,time
0,1.14,4,BUY,14:49:56
,Bid5,Bid4,Bid3,Bid2,Bid1,core,Ask1,Ask2,Ask3,Ask4,Ask5
0,"1.09,114","1.1,90","1.11,49","1.12,30","1.13,24",1.13266,"1.15,92","1.16,136","1.17,78","1.18,52","1.19,175"
,Bid5,Bid4,Bid3,Bid2,Bid1,core,Ask1,Ask2,Ask3,Ask4,Ask5
0,"1.09,114","1.1,90","1.11,49","1.12,30","1.13,30",1.1332,"1.15,92","1.16,136","1.17,78","1.18,52","1.19,175"
,Bid5,Bid4,Bid3,Bid2,Bid1,core,Ask1,Ask2,Ask3,Ask4,Ask5
0,"1.09,114","1.1,90","1.11,49","1.12,30","1.13,30",1.13498,"1.14,4","1.15,92","1.16,136","1.17,78","1.18,52"
,Bid5,Bid4,Bid3,Bid2,Bid1,core,Ask1,Ask2,Ask3,Ask4,Ask5
0,"1.09,114","1.1,90","1.11,49","1.12,30","1.13,30",1.13516,"1.14,3","1.15,92","1.16,136","1.17,78","1.18,52"
,price,lots,type,time
0,1.14,1,BUY,14:51:46
,Bid5,Bid4,Bid3,Bid2,Bid1,core,Ask1,Ask2,Ask3,Ask4,Ask5
0,"1.1,90","1.11,49","1.12,30","1.13,30","1.14,1",1.13855,"1.15,92","1.16,136","1.17,78","1.18,52","1.19,175"
,price,lots,type,time
0,1.14,3,BUY,14:54:20
,Bid5,Bid4,Bid3,Bid2,Bid1,core,Ask1,Ask2,Ask3,Ask4,Ask5
0,"1.1,90","1.11,49","1.12,30","1.13,30","1.14,1",1.13852,"1.15,92","1.16,136","1.17,80","1.18,52","1.19,175"
,Bid5,Bid4,Bid3,Bid2,Bid1,core,Ask1,Ask2,Ask3,Ask4,Ask5
0,"1.1,90","1.11,49","1.12,30","1.13,30","1.14,31",1.14021,"1.15,92","1.16,136","1.17,80","1.18,52","1.19,175"
,Bid5,Bid4,Bid3,Bid2,Bid1,core,Ask1,Ask2,Ask3,Ask4,Ask5
0,"1.1,90","1.11,49","1.12,30","1.13,30","1.14,30",1.14017,"1.15,92","1.16,136","1.17,80","1.18,52","1.19,175"
,price,lots,type,time
0,1.14,1,SELL,14:57:19
,Bid5,Bid4,Bid3,Bid2,Bid1,core,Ask1,Ask2,Ask3,Ask4,Ask5
0,"1.1,90","1.11,49","1.12,30","1.13,30","1.14,55",1.14107,"1.15,92","1.16,136","1.17,80","1.18,52","1.19,175"
,Bid5,Bid4,Bid3,Bid2,Bid1,core,Ask1,Ask2,Ask3,Ask4,Ask5
0,"1.1,90","1.11,49","1.12,30","1.13,30","1.14,55",1.14136,"1.15,77","1.16,136","1.17,80","1.18,52","1.19,175"
,price,lots,type,time
0,1.15,15,BUY,14:59:17
,Bid5,Bid4,Bid3,Bid2,Bid1,core,Ask1,Ask2,Ask3,Ask4,Ask5
0,"1.1,90","1.11,49","1.12,30","1.13,30","1.14,30",1.14101,"1.15,52","1.16,136","1.17,80","1.18,52","1.19,175"
,price,lots,type,time
0,1.15,25,BUY,14:59:36
,Bid5,Bid4,Bid3,Bid2,Bid1,core,Ask1,Ask2,Ask3,Ask4,Ask5
0,"1.1,90","1.11,49","1.12,30","1.13,30","1.14,30",1.14118,"1.15,47","1.16,136","1.17,80","1.18,52","1.19,175"
,price,lots,type,time
0,1.15,5,BUY,15:01:09
,Bid5,Bid4,Bid3,Bid2,Bid1,core,Ask1,Ask2,Ask3,Ask4,Ask5
0,"1.1,90","1.11,49","1.12,30","1.13,30","1.14,30",1.14118,"1.15,47","1.16,136","1.17,80","1.18,77","1.19,175"
,Bid5,Bid4,Bid3,Bid2,Bid1,core,Ask1,Ask2,Ask3,Ask4,Ask5
0,"1.1,90","1.11,49","1.12,30","1.13,30","1.14,40",1.14167,"1.15,47","1.16,136","1.17,80","1.18,77","1.19,175"
,Bid5,Bid4,Bid3,Bid2,Bid1,core,Ask1,Ask2,Ask3,Ask4,Ask5
0,"1.1,90","1.11,49","1.12,30","1.13,30","1.14,40",1.14234,"1.15,32","1.16,136","1.17,80","1.18,77","1.19,175"
,price,lots,type,time
0,1.15,15,BUY,15:01:33
,Bid5,Bid4,Bid3,Bid2,Bid1,core,Ask1,Ask2,Ask3,Ask4,Ask5
0,"1.1,90","1.11,49","1.12,30","1.13,30","1.14,10",1.14428,"1.15,2","1.16,136","1.17,80","1.18,77","1.19,175"
,price,lots,type,time
0,1.15,30,BUY,15:01:52
,Bid5,Bid4,Bid3,Bid2,Bid1,core,Ask1,Ask2,Ask3,Ask4,Ask5
0,"1.1,90","1.11,49","1.12,30","1.13,30","1.14,10",1.14428,"1.15,2","1.16,136","1.17,80","1.18,78","1.19,175"
,Bid5,Bid4,Bid3,Bid2,Bid1,core,Ask1,Ask2,Ask3,Ask4,Ask5
0,"1.1,90","1.11,49","1.12,30","1.13,30","1.14,10",1.14081,"1.16,136","1.17,80","1.18,78","1.19,175","1.2,265"
,price,lots,type,time
0,1.15,2,BUY,15:02:15
,Bid5,Bid4,Bid3,Bid2,Bid1,core,Ask1,Ask2,Ask3,Ask4,Ask5
0,"1.1,90","1.11,49","1.12,30","1.13,30","1.14,10",1.14195,"1.15,10","1.16,136","1.17,80","1.18,78","1.19,175"
,Bid5,Bid4,Bid3,Bid2,Bid1,core,Ask1,Ask2,Ask3,Ask4,Ask5
0,"1.1,75","1.11,49","1.12,30","1.13,30","1.14,10",1.14195,"1.15,10","1.16,136","1.17,80","1.18,78","1.19,175"
,Bid5,Bid4,Bid3,Bid2,Bid1,core,Ask1,Ask2,Ask3,Ask4,Ask5
0,"1.1,75","1.11,49","1.12,30","1.13,30","1.14,15",1.14265,"1.15,10","1.16,136","1.17,80","1.18,78","1.19,175"
,Bid5,Bid4,Bid3,Bid2,Bid1,core,Ask1,Ask2,Ask3,Ask4,Ask5
0,"1.1,75","1.11,49","1.12,30","1.13,30","1.14,15",1.14265,"1.15,10","1.16,136","1.17,80","1.18,78","1.19,175"
,Bid5,Bid4,Bid3,Bid2,Bid1,core,Ask1,Ask2,Ask3,Ask4,Ask5
0,"1.1,75","1.11,49","1.12,30","1.13,30","1.14,15",1.14124,"1.16,136","1.17,80","1.18,78","1.19,175","1.2,265"
,price,lots,type,time
0,1.15,10,BUY,15:03:49
,Bid5,Bid4,Bid3,Bid2,Bid1,core,Ask1,Ask2,Ask3,Ask4,Ask5
0,"1.11,49","1.12,30","1.13,30","1.14,15","1.15,20",1.14923,"1.16,136","1.17,80","1.18,78","1.19,175","1.2,265"
,Bid5,Bid4,Bid3,Bid2,Bid1,core,Ask1,Ask2,Ask3,Ask4,Ask5
0,"1.1,75","1.11,49","1.12,30","1.13,30","1.14,15",1.14124,"1.16,136","1.17,80","1.18,78","1.19,175","1.2,265"
,Bid5,Bid4,Bid3,Bid2,Bid1,core,Ask1,Ask2,Ask3,Ask4,Ask5
0,"1.1,75","1.11,49","1.12,30","1.13,30","1.14,15",1.14502,"1.15,1","1.16,135","1.17,80","1.18,78","1.19,175"
,Bid5,Bid4,Bid3,Bid2,Bid1,core,Ask1,Ask2,Ask3,Ask4,Ask5
0,"1.1,75","1.11,49","1.12,30","1.13,30","1.14,15",1.14463,"1.15,2","1.16,135","1.17,80","1.18,78","1.19,175"
,Bid5,Bid4,Bid3,Bid2,Bid1,core,Ask1,Ask2,Ask3,Ask4,Ask5
0,"1.1,75","1.11,49","1.12,30","1.13,30","1.14,15",1.14125,"1.16,135","1.17,80","1.18,78","1.19,175","1.2,265"
,price,lots,type,time
0,1.15,2,BUY,15:05:41
,Bid5,Bid4,Bid3,Bid2,Bid1,core,Ask1,Ask2,Ask3,Ask4,Ask5
0,"1.11,49","1.12,30","1.13,30","1.14,10","1.15,5",1.14831,"1.16,135","1.17,80","1.18,78","1.19,175","1.2,265"
,Bid5,Bid4,Bid3,Bid2,Bid1,core,Ask1,Ask2,Ask3,Ask4,Ask5
0,"1.1,75","1.11,49","1.12,30","1.13,30","1.14,10",1.14085,"1.16,130","1.17,80","1.18,78","1.19,175","1.2,265"
,price,lots,type,time
0,1.16,5,BUY,15:06:45
,Bid5,Bid4,Bid3,Bid2,Bid1,core,Ask1,Ask2,Ask3,Ask4,Ask5
0,"1.1,75","1.11,49","1.12,30","1.13,30","1.14,10",1.14083,"1.16,130","1.17,80","1.18,79","1.19,175","1.2,265"
,Bid5,Bid4,Bid3,Bid2,Bid1,core,Ask1,Ask2,Ask3,Ask4,Ask5
0,"1.1,75","1.11,49","1.12,30","1.13,30","1.14,10",1.14083,"1.16,130","1.17,80","1.18,79","1.19,175","1.2,266"
,Bid5,Bid4,Bid3,Bid2,Bid1,core,Ask1,Ask2,Ask3,Ask4,Ask5
0,"1.1,75","1.11,49","1.12,30","1.13,30","1.14,10",1.14084,"1.16,129","1.17,80","1.18,79","1.19,175","1.2,266"
,price,lots,type,time
0,1.16,1,BUY,15:07:51
,Bid5,Bid4,Bid3,Bid2,Bid1,core,Ask1,Ask2,Ask3,Ask4,Ask5
0,"1.1,75","1.11,49","1.12,30","1.13,30","1.14,10",1.14084,"1.16,129","1.17,80","1.18,79","1.19,176","1.2,265"
,Bid5,Bid4,Bid3,Bid2,Bid1,core,Ask1,Ask2,Ask3,Ask4,Ask5
0,"1.1,75","1.11,49","1.12,30","1.13,30","1.14,10",1.14083,"1.16,129","1.17,80","1.18,80","1.19,175","1.2,265"
,Bid5,Bid4,Bid3,Bid2,Bid1,core,Ask1,Ask2,Ask3,Ask4,Ask5
0,"1.1,75","1.11,49","1.12,30","1.13,30","1.14,20",1.1417,"1.16,129","1.17,80","1.18,80","1.19,175","1.2,265"
,Bid5,Bid4,Bid3,Bid2,Bid1,core,Ask1,Ask2,Ask3,Ask4,Ask5
0,"1.11,49","1.12,30","1.13,30","1.14,20","1.15,5",1.14882,"1.16,129","1.17,80","1.18,80","1.19,175","1.2,265"
,Bid5,Bid4,Bid3,Bid2,Bid1,core,Ask1,Ask2,Ask3,Ask4,Ask5
0,"1.11,49","1.12,30","1.13,30","1.14,20","1.15,15",1.14929,"1.16,129","1.17,80","1.18,80","1.19,175","1.2,265"
,Bid5,Bid4,Bid3,Bid2,Bid1,core,Ask1,Ask2,Ask3,Ask4,Ask5
0,"1.11,49","1.12,30","1.13,30","1.14,20","1.15,15",1.14889,"1.16,129","1.17,130","1.18,80","1.19,175","1.2,265"
,Bid5,Bid4,Bid3,Bid2,Bid1,core,Ask1,Ask2,Ask3,Ask4,Ask5
0,"1.11,49","1.12,30","1.13,30","1.14,10","1.15,15",1.14852,"1.16,129","1.17,130","1.18,80","1.19,175","1.2,265"
,Bid5,Bid4,Bid3,Bid2,Bid1,core,Ask1,Ask2,Ask3,Ask4,Ask5
0,"1.11,49","1.12,30","1.13,30","1.14,10","1.15,15",1.1481,"1.16,129","1.17,130","1.18,130","1.19,175","1.2,265"
,Bid5,Bid4,Bid3,Bid2,Bid1,core,Ask1,Ask2,Ask3,Ask4,Ask5
0,"1.11,49","1.12,30","1.13,30","1.14,10","1.15,15",1.1481,"1.16,129","1.17,130","1.18,130","1.19,175","1.2,265"
,Bid5,Bid4,Bid3,Bid2,Bid1,core,Ask1,Ask2,Ask3,Ask4,Ask5
0,"1.11,49","1.12,30","1.13,30","1.14,10","1.15,10",1.14787,"1.16,129","1.17,130","1.18,130","1.19,175","1.2,265"
,price,lots,type,time
0,1.15,5,SELL,15:10:52
,Bid5,Bid4,Bid3,Bid2,Bid1,core,Ask1,Ask2,Ask3,Ask4,Ask5
0,"1.11,49","1.12,30","1.13,30","1.14,10","1.15,8",1.14777,"1.16,129","1.17,130","1.18,130","1.19,175","1.2,265"
,price,lots,type,time
0,1.15,2,SELL,15:10:57
,Bid5,Bid4,Bid3,Bid2,Bid1,core,Ask1,Ask2,Ask3,Ask4,Ask5
0,"1.11,49","1.12,30","1.13,30","1.14,10","1.15,3",1.14753,"1.16,129","1.17,130","1.18,130","1.19,175","1.2,265"
,price,lots,type,time
0,1.15,5,SELL,15:11:29
,Bid5,Bid4,Bid3,Bid2,Bid1,core,Ask1,Ask2,Ask3,Ask4,Ask5
0,"1.11,49","1.12,30","1.13,30","1.14,10","1.15,3",1.14753,"1.16,129","1.17,130","1.18,130","1.19,175","1.2,267"
,Bid5,Bid4,Bid3,Bid2,Bid1,core,Ask1,Ask2,Ask3,Ask4,Ask5
0,"1.11,49","1.12,30","1.13,30","1.14,10","1.15,18",1.14822,"1.16,129","1.17,130","1.18,130","1.19,175","1.2,267"
,Bid5,Bid4,Bid3,Bid2,Bid1,core,Ask1,Ask2,Ask3,Ask4,Ask5
0,"1.11,49","1.12,30","1.13,30","1.14,10","1.15,18",1.14823,"1.16,129","1.17,131","1.18,129","1.19,175","1.2,267"
,Bid5,Bid4,Bid3,Bid2,Bid1,core,Ask1,Ask2,Ask3,Ask4,Ask5
0,"1.11,49","1.12,30","1.13,30","1.14,10","1.15,18",1.14822,"1.16,130","1.17,130","1.18,129","1.19,175","1.2,267"
,Bid5,Bid4,Bid3,Bid2,Bid1,core,Ask1,Ask2,Ask3,Ask4,Ask5
0,"1.11,49","1.12,30","1.13,30","1.14,10","1.15,18",1.14823,"1.16,129","1.17,131","1.18,129","1.19,175","1.2,267"
,Bid5,Bid4,Bid3,Bid2,Bid1,core,Ask1,Ask2,Ask3,Ask4,Ask5
0,"1.11,49","1.12,30","1.13,30","1.14,10","1.15,18",1.14822,"1.16,130","1.17,130","1.18,129","1.19,175","1.2,267"
,Bid5,Bid4,Bid3,Bid2,Bid1,core,Ask1,Ask2,Ask3,Ask4,Ask5
0,"1.11,49","1.12,30","1.13,30","1.14,10","1.15,23",1.14842,"1.16,130","1.17,130","1.18,129","1.19,175","1.2,267"
,Bid5,Bid4,Bid3,Bid2,Bid1,core,Ask1,Ask2,Ask3,Ask4,Ask5
0,"1.11,49","1.12,30","1.13,30","1.14,10","1.15,23",1.14863,"1.16,105","1.17,130","1.18,129","1.19,175","1.2,267"
,price,lots,type,time
0,1.16,25,BUY,15:14:03
,Bid5,Bid4,Bid3,Bid2,Bid1,core,Ask1,Ask2,Ask3,Ask4,Ask5
0,"1.11,39","1.12,30","1.13,30","1.14,10","1.15,23",1.14863,"1.16,105","1.17,130","1.18,129","1.19,175","1.2,267"
,Bid5,Bid4,Bid3,Bid2,Bid1,core,Ask1,Ask2,Ask3,Ask4,Ask5
0,"1.11,39","1.12,15","1.13,30","1.14,10","1.15,23",1.14863,"1.16,105","1.17,130","1.18,129","1.19,175","1.2,267"
,Bid5,Bid4,Bid3,Bid2,Bid1,core,Ask1,Ask2,Ask3,Ask4,Ask5
0,"1.11,39","1.12,15","1.13,30","1.14,10","1.15,23",1.14861,"1.16,105","1.17,130","1.18,133","1.19,175","1.2,267"
,Bid5,Bid4,Bid3,Bid2,Bid1,core,Ask1,Ask2,Ask3,Ask4,Ask5
0,"1.11,39","1.12,15","1.13,30","1.14,10","1.15,23",1.1486,"1.16,106","1.17,130","1.18,133","1.19,175","1.2,267"
,Bid5,Bid4,Bid3,Bid2,Bid1,core,Ask1,Ask2,Ask3,Ask4,Ask5
0,"1.11,39","1.12,15","1.13,30","1.14,10","1.15,23",1.1486,"1.16,106","1.17,130","1.18,133","1.19,198","1.2,267"
,Bid5,Bid4,Bid3,Bid2,Bid1,core,Ask1,Ask2,Ask3,Ask4,Ask5
0,"1.11,39","1.12,15","1.13,30","1.14,10","1.15,23",1.1486,"1.16,106","1.17,130","1.18,133","1.19,198","1.2,282"
,Bid5,Bid4,Bid3,Bid2,Bid1,core,Ask1,Ask2,Ask3,Ask4,Ask5
0,"1.11,39","1.12,15","1.13,24","1.14,10","1.15,23",1.14844,"1.16,106","1.17,130","1.18,133","1.19,198","1.2,282"
,Bid5,Bid4,Bid3,Bid2,Bid1,core,Ask1,Ask2,Ask3,Ask4,Ask5
0,"1.11,39","1.12,15","1.13,24","1.14,10","1.15,5",1.14751,"1.16,106","1.17,130","1.18,133","1.19,198","1.2,282"
,price,lots,type,time
0,1.15,18,SELL,15:17:32
,Bid5,Bid4,Bid3,Bid2,Bid1,core,Ask1,Ask2,Ask3,Ask4,Ask5
0,"1.11,39","1.12,15","1.13,24","1.14,10","1.15,30",1.14874,"1.16,106","1.17,130","1.18,133","1.19,198","1.2,282"
,Bid5,Bid4,Bid3,Bid2,Bid1,core,Ask1,Ask2,Ask3,Ask4,Ask5
0,"1.11,39","1.12,15","1.13,24","1.14,10","1.15,26",1.14859,"1.16,106","1.17,130","1.18,129","1.19,198","1.2,282"
,price,lots,type,time
0,1.15,4,SELL,15:17:52
,Bid5,Bid4,Bid3,Bid2,Bid1,core,Ask1,Ask2,Ask3,Ask4,Ask5
0,"1.11,39","1.12,15","1.13,24","1.14,10","1.15,26",1.14859,"1.16,106","1.17,130","1.18,129","1.19,198","1.2,289"
,Bid5,Bid4,Bid3,Bid2,Bid1,core,Ask1,Ask2,Ask3,Ask4,Ask5
0,"1.11,39","1.12,15","1.13,24","1.14,10","1.15,40",1.14913,"1.16,106","1.17,130","1.18,129","1.19,198","1.2,289"
,Bid5,Bid4,Bid3,Bid2,Bid1,core,Ask1,Ask2,Ask3,Ask4,Ask5
0,"1.11,39","1.12,15","1.13,15","1.14,10","1.15,40",1.14887,"1.16,106","1.17,130","1.18,129","1.19,198","1.2,289"
,Bid5,Bid4,Bid3,Bid2,Bid1,core,Ask1,Ask2,Ask3,Ask4,Ask5
0,"1.11,39","1.12,15","1.13,15","1.14,10","1.15,40",1.14885,"1.16,107","1.17,130","1.18,129","1.19,198","1.2,289"
,Bid5,Bid4,Bid3,Bid2,Bid1,core,Ask1,Ask2,Ask3,Ask4,Ask5
0,"1.11,39","1.12,15","1.13,15","1.14,10","1.15,40",1.14886,"1.16,107","1.17,127","1.18,129","1.19,198","1.2,289"
,Bid5,Bid4,Bid3,Bid2,Bid1,core,Ask1,Ask2,Ask3,Ask4,Ask5
0,"1.11,39","1.12,15","1.13,15","1.14,10","1.15,40",1.14886,"1.16,107","1.17,127","1.18,129","1.19,208","1.2,289"
,Bid5,Bid4,Bid3,Bid2,Bid1,core,Ask1,Ask2,Ask3,Ask4,Ask5
0,"1.11,39","1.12,15","1.13,15","1.14,10","1.15,37",1.14876,"1.16,107","1.17,127","1.18,129","1.19,208","1.2,289"
,price,lots,type,time
0,1.15,3,SELL,15:20:05
,Bid5,Bid4,Bid3,Bid2,Bid1,core,Ask1,Ask2,Ask3,Ask4,Ask5
0,"1.11,39","1.12,15","1.13,15","1.14,10","1.15,36",1.14873,"1.16,106","1.17,127","1.18,129","1.19,208","1.2,289"
,price,lots,type,time
0,1.15,1,SELL,15:20:20
,Bid5,Bid4,Bid3,Bid2,Bid1,core,Ask1,Ask2,Ask3,Ask4,Ask5
0,"1.11,39","1.12,15","1.13,15","1.14,10","1.15,36",1.14856,"1.16,121","1.17,127","1.18,129","1.19,208","1.2,289"
,Bid5,Bid4,Bid3,Bid2,Bid1,core,Ask1,Ask2,Ask3,Ask4,Ask5
0,"1.11,39","1.12,15","1.13,15","1.14,10","1.15,36",1.14856,"1.16,121","1.17,127","1.18,130","1.19,208","1.2,289"
,Bid5,Bid4,Bid3,Bid2,Bid1,core,Ask1,Ask2,Ask3,Ask4,Ask5
0,"1.11,39","1.12,15","1.13,15","1.14,10","1.15,35",1.14853,"1.16,121","1.17,127","1.18,130","1.19,208","1.2,289"
,price,lots,type,time
0,1.15,1,SELL,15:22:37
,Bid5,Bid4,Bid3,Bid2,Bid1,core,Ask1,Ask2,Ask3,Ask4,Ask5
0,"1.11,39","1.12,15","1.13,15","1.14,10","1.15,25",1.14815,"1.16,121","1.17,127","1.18,130","1.19,208","1.2,289"
,price,lots,type,time
0,1.15,10,SELL,15:22:37
,Bid5,Bid4,Bid3,Bid2,Bid1,core,Ask1,Ask2,Ask3,Ask4,Ask5
0,"1.11,39","1.12,15","1.13,15","1.14,10","1.15,20",1.14795,"1.16,121","1.17,127","1.18,130","1.19,208","1.2,289"
,price,lots,type,time
0,1.15,5,SELL,15:23:04
,Bid5,Bid4,Bid3,Bid2,Bid1,core,Ask1,Ask2,Ask3,Ask4,Ask5
0,"1.11,39","1.12,15","1.13,15","1.14,10","1.15,20",1.14794,"1.16,122","1.17,127","1.18,130","1.19,208","1.2,289"
,Bid5,Bid4,Bid3,Bid2,Bid1,core,Ask1,Ask2,Ask3,Ask4,Ask5
0,"1.11,39","1.12,15","1.13,15","1.14,10","1.15,20",1.14794,"1.16,122","1.17,127","1.18,130","1.19,208","1.2,289"
,Bid5,Bid4,Bid3,Bid2,Bid1,core,Ask1,Ask2,Ask3,Ask4,Ask5
0,"1.1,40","1.11,39","1.12,15","1.13,15","1.14,10",1.13853,"1.16,122","1.17,127","1.18,130","1.19,208","1.2,249"
,price,lots,type,time
0,1.15,20,SELL,15:23:28
,Bid5,Bid4,Bid3,Bid2,Bid1,core,Ask1,Ask2,Ask3,Ask4,Ask5
0,"1.1,40","1.11,39","1.12,15","1.13,15","1.14,10",1.13952,"1.15,20","1.16,122","1.17,127","1.18,130","1.19,208"
,Bid5,Bid4,Bid3,Bid2,Bid1,core,Ask1,Ask2,Ask3,Ask4,Ask5
0,"1.1,40","1.11,39","1.12,15","1.13,15","1.14,10",1.13952,"1.15,20","1.16,122","1.17,127","1.18,130","1.19,185"
,Bid5,Bid4,Bid3,Bid2,Bid1,core,Ask1,Ask2,Ask3,Ask4,Ask5
0,"1.1,40","1.11,39","1.12,15","1.13,15","1.14,10",1.13942,"1.15,20","1.16,145","1.17,127","1.18,130","1.19,185"
,Bid5,Bid4,Bid3,Bid2,Bid1,core,Ask1,Ask2,Ask3,Ask4,Ask5
0,"1.1,40","1.11,39","1.12,15","1.13,15","1.14,10",1.13939,"1.15,20","1.16,155","1.17,127","1.18,130","1.19,185"
,Bid5,Bid4,Bid3,Bid2,Bid1,core,Ask1,Ask2,Ask3,Ask4,Ask5
0,"1.1,40","1.11,39","1.12,15","1.13,15","1.14,10",1.13939,"1.15,20","1.16,155","1.17,127","1.18,129","1.19,185"
,Bid5,Bid4,Bid3,Bid2,Bid1,core,Ask1,Ask2,Ask3,Ask4,Ask5
0,"1.1,40","1.11,39","1.12,15","1.13,15","1.14,10",1.13932,"1.15,21","1.16,155","1.17,127","1.18,129","1.19,185"
,Bid5,Bid4,Bid3,Bid2,Bid1,core,Ask1,Ask2,Ask3,Ask4,Ask5
0,"1.1,40","1.11,39","1.12,15","1.13,15","1.14,10",1.13925,"1.15,22","1.16,155","1.17,127","1.18,128","1.19,185"
,Bid5,Bid4,Bid3,Bid2,Bid1,core,Ask1,Ask2,Ask3,Ask4,Ask5
0,"1.1,66","1.11,39","1.12,15","1.13,15","1.14,10",1.13925,"1.15,22","1.16,155","1.17,127","1.18,128","1.19,185"
,Bid5,Bid4,Bid3,Bid2,Bid1,core,Ask1,Ask2,Ask3,Ask4,Ask5
0,"1.1,66","1.11,39","1.12,15","1.13,15","1.14,10",1.13912,"1.15,24","1.16,155","1.17,125","1.18,128","1.19,185"
,Bid5,Bid4,Bid3,Bid2,Bid1,core,Ask1,Ask2,Ask3,Ask4,Ask5
0,"1.1,66","1.11,39","1.12,15","1.13,15","1.14,10",1.13912,"1.15,24","1.16,154","1.17,126","1.18,128","1.19,185"
,Bid5,Bid4,Bid3,Bid2,Bid1,core,Ask1,Ask2,Ask3,Ask4,Ask5
0,"1.1,66","1.11,39","1.12,15","1.13,15","1.14,10",1.13913,"1.15,24","1.16,154","1.17,125","1.18,129","1.19,185"
,Bid5,Bid4,Bid3,Bid2,Bid1,core,Ask1,Ask2,Ask3,Ask4,Ask5
0,"1.1,66","1.11,39","1.12,15","1.13,15","1.14,10",1.13913,"1.15,24","1.16,154","1.17,125","1.18,128","1.19,186"
,Bid5,Bid4,Bid3,Bid2,Bid1,core,Ask1,Ask2,Ask3,Ask4,Ask5
0,"1.1,66","1.11,39","1.12,15","1.13,15","1.14,10",1.13913,"1.15,24","1.16,154","1.17,125","1.18,128","1.19,185"
,Bid5,Bid4,Bid3,Bid2,Bid1,core,Ask1,Ask2,Ask3,Ask4,Ask5
0,"1.1,66","1.11,39","1.12,15","1.13,15","1.14,10",1.13913,"1.15,24","1.16,154","1.17,125","1.18,128","1.19,185"
,Bid5,Bid4,Bid3,Bid2,Bid1,core,Ask1,Ask2,Ask3,Ask4,Ask5
0,"1.09,70","1.1,66","1.11,39","1.12,15","1.13,15",1.13457,"1.14,5","1.15,24","1.16,154","1.17,125","1.18,128"
,price,lots,type,time
0,1.14,10,SELL,15:32:47
,Bid5,Bid4,Bid3,Bid2,Bid1,core,Ask1,Ask2,Ask3,Ask4,Ask5
0,"1.09,70","1.1,66","1.11,39","1.12,15","1.13,15",1.13457,"1.14,5","1.15,24","1.16,154","1.17,125","1.18,131"
,Bid5,Bid4,Bid3,Bid2,Bid1,core,Ask1,Ask2,Ask3,Ask4,Ask5
0,"1.1,56","1.11,39","1.12,15","1.13,15","1.14,5",1.13828,"1.15,24","1.16,154","1.17,125","1.18,131","1.19,185"
,price,lots,type,time
0,1.14,5,BUY,15:33:52
,Bid5,Bid4,Bid3,Bid2,Bid1,core,Ask1,Ask2,Ask3,Ask4,Ask5
0,"1.1,56","1.11,39","1.12,15","1.13,15","1.14,5",1.13828,"1.15,24","1.16,154","1.17,125","1.18,131","1.19,183"
,Bid5,Bid4,Bid3,Bid2,Bid1,core,Ask1,Ask2,Ask3,Ask4,Ask5
0,"1.1,56","1.11,39","1.12,15","1.13,15","1.14,5",1.13827,"1.15,24","1.16,156","1.17,125","1.18,131","1.19,183"
,Bid5,Bid4,Bid3,Bid2,Bid1,core,Ask1,Ask2,Ask3,Ask4,Ask5
0,"1.1,56","1.11,39","1.12,15","1.13,15","1.14,5",1.13827,"1.15,24","1.16,156","1.17,125","1.18,131","1.19,183"
,Bid5,Bid4,Bid3,Bid2,Bid1,core,Ask1,Ask2,Ask3,Ask4,Ask5
0,"1.1,56","1.11,39","1.12,15","1.13,15","1.14,5",1.13801,"1.15,32","1.16,156","1.17,125","1.18,123","1.19,183"
,Bid5,Bid4,Bid3,Bid2,Bid1,core,Ask1,Ask2,Ask3,Ask4,Ask5
0,"1.1,56","1.11,39","1.12,15","1.13,15","1.14,5",1.13798,"1.15,33","1.16,156","1.17,125","1.18,123","1.19,183"
,Bid5,Bid4,Bid3,Bid2,Bid1,core,Ask1,Ask2,Ask3,Ask4,Ask5
0,"1.1,56","1.11,39","1.12,15","1.13,15","1.14,5",1.13798,"1.15,33","1.16,156","1.17,125","1.18,122","1.19,183"
,Bid5,Bid4,Bid3,Bid2,Bid1,core,Ask1,Ask2,Ask3,Ask4,Ask5
0,"1.09,70","1.1,56","1.11,39","1.12,15","1.13,15",1.13544,"1.14,1","1.15,33","1.16,156","1.17,125","1.18,122"
,price,lots,type,time
0,1.14,5,SELL,15:36:27
,Bid5,Bid4,Bid3,Bid2,Bid1,core,Ask1,Ask2,Ask3,Ask4,Ask5
0,"1.09,70","1.1,56","1.11,39","1.12,15","1.13,15",1.13543,"1.14,1","1.15,33","1.16,157","1.17,125","1.18,122"
,Bid5,Bid4,Bid3,Bid2,Bid1,core,Ask1,Ask2,Ask3,Ask4,Ask5
0,"1.09,70","1.1,56","1.11,39","1.12,15","1.13,15",1.13543,"1.14,1","1.15,33","1.16,158","1.17,125","1.18,122"
,Bid5,Bid4,Bid3,Bid2,Bid1,core,Ask1,Ask2,Ask3,Ask4,Ask5
0,"1.09,70","1.1,56","1.11,39","1.12,15","1.13,15",1.13556,"1.14,1","1.15,33","1.16,135","1.17,125","1.18,122"
,Bid5,Bid4,Bid3,Bid2,Bid1,core,Ask1,Ask2,Ask3,Ask4,Ask5
0,"1.09,70","1.1,56","1.11,39","1.12,15","1.13,15",1.13169,"1.14,24","1.15,33","1.16,135","1.17,125","1.18,122"
,Bid5,Bid4,Bid3,Bid2,Bid1,core,Ask1,Ask2,Ask3,Ask4,Ask5
0,"1.09,70","1.1,56","1.11,39","1.12,15","1.13,15",1.13169,"1.14,24","1.15,33","1.16,135","1.17,125","1.18,122"
,Bid5,Bid4,Bid3,Bid2,Bid1,core,Ask1,Ask2,Ask3,Ask4,Ask5
0,"1.09,70","1.1,56","1.11,39","1.12,15","1.13,15",1.13169,"1.14,24","1.15,33","1.16,135","1.17,125","1.18,122"
,Bid5,Bid4,Bid3,Bid2,Bid1,core,Ask1,Ask2,Ask3,Ask4,Ask5
0,"1.09,70","1.1,56","1.11,39","1.12,15","1.13,14",1.13157,"1.14,24","1.15,33","1.16,135","1.17,125","1.18,122"
,price,lots,type,time
0,1.13,1,SELL,15:40:01
,Bid5,Bid4,Bid3,Bid2,Bid1,core,Ask1,Ask2,Ask3,Ask4,Ask5
0,"1.07,4","1.08,45","1.09,70","1.1,56","1.11,18",1.12368,"1.14,24","1.15,33","1.16,135","1.17,125","1.18,122"
,price,lots,type,time
0,1.13,14,SELL,15:40:01
1,1.12,15,SELL,15:40:01
2,1.11,21,SELL,15:40:01
,Bid5,Bid4,Bid3,Bid2,Bid1,core,Ask1,Ask2,Ask3,Ask4,Ask5
0,"1.07,4","1.08,45","1.09,70","1.1,56","1.11,18",1.1223,"1.14,24","1.15,58","1.16,135","1.17,125","1.18,122"
,Bid5,Bid4,Bid3,Bid2,Bid1,core,Ask1,Ask2,Ask3,Ask4,Ask5
0,"1.07,4","1.08,45","1.09,70","1.1,56","1.11,18",1.1223,"1.14,24","1.15,58","1.16,135","1.17,125","1.18,122"
,Bid5,Bid4,Bid3,Bid2,Bid1,core,Ask1,Ask2,Ask3,Ask4,Ask5
0,"1.07,4","1.08,45","1.09,70","1.1,56","1.11,18",1.12693,"1.13,3","1.14,24","1.15,56","1.16,135","1.17,125"
,Bid5,Bid4,Bid3,Bid2,Bid1,core,Ask1,Ask2,Ask3,Ask4,Ask5
0,"1.07,4","1.08,45","1.09,70","1.1,56","1.11,38",1.12791,"1.13,3","1.14,24","1.15,56","1.16,135","1.17,125"
,Bid5,Bid4,Bid3,Bid2,Bid1,core,Ask1,Ask2,Ask3,Ask4,Ask5
0,"1.07,4","1.08,45","1.09,70","1.1,56","1.11,39",1.12793,"1.13,3","1.14,24","1.15,56","1.16,135","1.17,125"
,Bid5,Bid4,Bid3,Bid2,Bid1,core,Ask1,Ask2,Ask3,Ask4,Ask5
0,"1.07,4","1.08,45","1.09,70","1.1,56","1.11,39",1.12738,"1.13,3","1.14,24","1.15,81","1.16,135","1.17,125"
,Bid5,Bid4,Bid3,Bid2,Bid1,core,Ask1,Ask2,Ask3,Ask4,Ask5
0,"1.07,4","1.08,45","1.09,70","1.1,56","1.11,40",1.1274,"1.13,3","1.14,24","1.15,81","1.16,135","1.17,125"
,Bid5,Bid4,Bid3,Bid2,Bid1,core,Ask1,Ask2,Ask3,Ask4,Ask5
0,"1.07,4","1.08,55","1.09,70","1.1,56","1.11,40",1.1274,"1.13,3","1.14,24","1.15,81","1.16,135","1.17,125"
,Bid5,Bid4,Bid3,Bid2,Bid1,core,Ask1,Ask2,Ask3,Ask4,Ask5
0,"1.07,4","1.08,55","1.09,70","1.1,56","1.11,40",1.12262,"1.13,28","1.14,24","1.15,81","1.16,135","1.17,125"
,Bid5,Bid4,Bid3,Bid2,Bid1,core,Ask1,Ask2,Ask3,Ask4,Ask5
0,"1.07,4","1.08,55","1.09,70","1.1,56","1.11,15",1.11927,"1.13,28","1.14,24","1.15,81","1.16,135","1.17,125"
,price,lots,type,time
0,1.11,25,SELL,15:41:08
,Bid5,Bid4,Bid3,Bid2,Bid1,core,Ask1,Ask2,Ask3,Ask4,Ask5
0,"1.07,4","1.08,55","1.09,70","1.1,56","1.11,15",1.11872,"1.12,6","1.13,28","1.14,24","1.15,81","1.16,135"
,Bid5,Bid4,Bid3,Bid2,Bid1,core,Ask1,Ask2,Ask3,Ask4,Ask5
0,"1.07,4","1.08,55","1.09,70","1.1,56","1.11,15",1.1185,"1.12,6","1.13,33","1.14,24","1.15,81","1.16,135"
,Bid5,Bid4,Bid3,Bid2,Bid1,core,Ask1,Ask2,Ask3,Ask4,Ask5
0,"1.07,4","1.08,55","1.09,70","1.1,56","1.11,35",1.11947,"1.12,6","1.13,33","1.14,24","1.15,81","1.16,135"
,Bid5,Bid4,Bid3,Bid2,Bid1,core,Ask1,Ask2,Ask3,Ask4,Ask5
0,"1.07,4","1.08,55","1.09,70","1.1,56","1.11,35",1.11909,"1.12,6","1.13,43","1.14,24","1.15,81","1.16,135"
,Bid5,Bid4,Bid3,Bid2,Bid1,core,Ask1,Ask2,Ask3,Ask4,Ask5
0,"1.07,4","1.08,55","1.09,70","1.1,56","1.11,35",1.11909,"1.12,6","1.13,43","1.14,24","1.15,83","1.16,135"
,Bid5,Bid4,Bid3,Bid2,Bid1,core,Ask1,Ask2,Ask3,Ask4,Ask5
0,"1.06,13","1.07,4","1.08,55","1.09,70","1.1,30",1.1168,"1.12,6","1.13,43","1.14,24","1.15,83","1.16,135"
,price,lots,type,time
0,1.11,35,SELL,15:41:55
1,1.1,26,SELL,15:41:55
,Bid5,Bid4,Bid3,Bid2,Bid1,core,Ask1,Ask2,Ask3,Ask4,Ask5
0,"1.06,13","1.07,4","1.08,55","1.09,70","1.1,30",1.11676,"1.12,6","1.13,44","1.14,24","1.15,83","1.16,135"
,Bid5,Bid4,Bid3,Bid2,Bid1,core,Ask1,Ask2,Ask3,Ask4,Ask5
0,"1.06,13","1.07,4","1.08,55","1.09,70","1.1,54",1.11769,"1.12,6","1.13,44","1.14,24","1.15,83","1.16,135"
,Bid5,Bid4,Bid3,Bid2,Bid1,core,Ask1,Ask2,Ask3,Ask4,Ask5
0,"1.06,13","1.07,4","1.08,55","1.09,70","1.1,54",1.11722,"1.12,6","1.13,44","1.14,34","1.15,83","1.16,135"
,Bid5,Bid4,Bid3,Bid2,Bid1,core,Ask1,Ask2,Ask3,Ask4,Ask5
0,"1.06,13","1.07,4","1.08,55","1.09,70","1.1,60",1.11735,"1.12,6","1.13,44","1.14,34","1.15,83","1.16,135"
,Bid5,Bid4,Bid3,Bid2,Bid1,core,Ask1,Ask2,Ask3,Ask4,Ask5
0,"1.06,13","1.07,4","1.08,55","1.09,70","1.1,70",1.11751,"1.12,6","1.13,44","1.14,34","1.15,83","1.16,135"
,Bid5,Bid4,Bid3,Bid2,Bid1,core,Ask1,Ask2,Ask3,Ask4,Ask5
0,"1.06,13","1.07,4","1.08,55","1.09,70","1.1,57",1.11729,"1.12,6","1.13,44","1.14,34","1.15,83","1.16,135"
,price,lots,type,time
0,1.1,13,SELL,15:42:27
,Bid5,Bid4,Bid3,Bid2,Bid1,core,Ask1,Ask2,Ask3,Ask4,Ask5
0,"1.06,13","1.07,34","1.08,55","1.09,70","1.1,57",1.11729,"1.12,6","1.13,44","1.14,34","1.15,83","1.16,135"
,Bid5,Bid4,Bid3,Bid2,Bid1,core,Ask1,Ask2,Ask3,Ask4,Ask5
0,"1.06,13","1.07,34","1.08,55","1.09,76","1.1,51",1.1173,"1.12,6","1.13,44","1.14,34","1.15,83","1.16,135"
,Bid5,Bid4,Bid3,Bid2,Bid1,core,Ask1,Ask2,Ask3,Ask4,Ask5
0,"1.06,13","1.07,34","1.08,55","1.09,76","1.1,67",1.11762,"1.12,6","1.13,44","1.14,34","1.15,83","1.16,135"
,Bid5,Bid4,Bid3,Bid2,Bid1,core,Ask1,Ask2,Ask3,Ask4,Ask5
0,"1.06,13","1.07,34","1.08,55","1.09,76","1.1,67",1.11675,"1.12,6","1.13,69","1.14,34","1.15,83","1.16,135"
,Bid5,Bid4,Bid3,Bid2,Bid1,core,Ask1,Ask2,Ask3,Ask4,Ask5
0,"1.06,13","1.07,34","1.08,55","1.09,61","1.1,67",1.11631,"1.12,6","1.13,69","1.14,34","1.15,83","1.16,135"
,Bid5,Bid4,Bid3,Bid2,Bid1,core,Ask1,Ask2,Ask3,Ask4,Ask5
0,"1.06,13","1.07,34","1.08,55","1.09,61","1.1,70",1.11636,"1.12,6","1.13,69","1.14,34","1.15,83","1.16,135"
,Bid5,Bid4,Bid3,Bid2,Bid1,core,Ask1,Ask2,Ask3,Ask4,Ask5
0,"1.06,13","1.07,34","1.08,62","1.09,61","1.1,70",1.11652,"1.12,6","1.13,69","1.14,34","1.15,83","1.16,135"
,Bid5,Bid4,Bid3,Bid2,Bid1,core,Ask1,Ask2,Ask3,Ask4,Ask5
0,"1.06,13","1.07,34","1.08,57","1.09,61","1.1,75",1.11648,"1.12,6","1.13,69","1.14,34","1.15,83","1.16,135"
,Bid5,Bid4,Bid3,Bid2,Bid1,core,Ask1,Ask2,Ask3,Ask4,Ask5
0,"1.07,34","1.08,57","1.09,61","1.1,75","1.11,1",1.11334,"1.12,6","1.13,69","1.14,34","1.15,83","1.16,135"
,Bid5,Bid4,Bid3,Bid2,Bid1,core,Ask1,Ask2,Ask3,Ask4,Ask5
0,"1.07,34","1.08,52","1.09,61","1.1,80","1.11,1",1.11343,"1.12,6","1.13,69","1.14,34","1.15,83","1.16,135"
,Bid5,Bid4,Bid3,Bid2,Bid1,core,Ask1,Ask2,Ask3,Ask4,Ask5
0,"1.07,34","1.08,52","1.09,61","1.1,80","1.11,1",1.1136,"1.12,5","1.13,69","1.14,34","1.15,83","1.16,135"
,price,lots,type,time
0,1.12,1,BUY,15:47:12
,Bid5,Bid4,Bid3,Bid2,Bid1,core,Ask1,Ask2,Ask3,Ask4,Ask5
0,"1.07,34","1.08,52","1.09,61","1.1,80","1.11,1",1.11345,"1.12,6","1.13,68","1.14,34","1.15,83","1.16,135"
,Bid5,Bid4,Bid3,Bid2,Bid1,core,Ask1,Ask2,Ask3,Ask4,Ask5
0,"1.07,34","1.08,52","1.09,61","1.1,80","1.11,11",1.11698,"1.12,6","1.13,68","1.14,34","1.15,83","1.16,135"
,Bid5,Bid4,Bid3,Bid2,Bid1,core,Ask1,Ask2,Ask3,Ask4,Ask5
0,"1.07,34","1.08,52","1.09,61","1.1,80","1.11,11",1.11887,"1.12,1","1.13,68","1.14,34","1.15,83","1.16,135"
,price,lots,type,time
0,1.12,5,BUY,15:47:42
,Bid5,Bid4,Bid3,Bid2,Bid1,core,Ask1,Ask2,Ask3,Ask4,Ask5
0,"1.07,34","1.08,52","1.09,55","1.1,80","1.11,11",1.11875,"1.12,1","1.13,68","1.14,34","1.15,83","1.16,135"
,Bid5,Bid4,Bid3,Bid2,Bid1,core,Ask1,Ask2,Ask3,Ask4,Ask5
0,"1.07,34","1.08,52","1.09,55","1.1,80","1.11,11",1.11686,"1.12,6","1.13,68","1.14,34","1.15,83","1.16,135"
,Bid5,Bid4,Bid3,Bid2,Bid1,core,Ask1,Ask2,Ask3,Ask4,Ask5
0,"1.07,34","1.08,52","1.09,55","1.1,80","1.11,11",1.11686,"1.12,6","1.13,68","1.14,34","1.15,83","1.16,145"
,Bid5,Bid4,Bid3,Bid2,Bid1,core,Ask1,Ask2,Ask3,Ask4,Ask5
0,"1.07,34","1.08,52","1.09,55","1.1,100","1.11,11",1.11719,"1.12,6","1.13,68","1.14,34","1.15,83","1.16,145"
,Bid5,Bid4,Bid3,Bid2,Bid1,core,Ask1,Ask2,Ask3,Ask4,Ask5
0,"1.07,34","1.08,52","1.09,55","1.1,100","1.11,11",1.11694,"1.12,7","1.13,68","1.14,34","1.15,83","1.16,145"
,Bid5,Bid4,Bid3,Bid2,Bid1,core,Ask1,Ask2,Ask3,Ask4,Ask5
0,"1.07,34","1.08,52","1.09,55","1.1,100","1.11,31",1.11837,"1.12,7","1.13,68","1.14,34","1.15,83","1.16,145"
,Bid5,Bid4,Bid3,Bid2,Bid1,core,Ask1,Ask2,Ask3,Ask4,Ask5
0,"1.07,34","1.08,52","1.09,55","1.1,100","1.11,31",1.11924,"1.12,2","1.13,68","1.14,34","1.15,83","1.16,145"
,price,lots,type,time
0,1.12,5,BUY,15:50:21
,Bid5,Bid4,Bid3,Bid2,Bid1,core,Ask1,Ask2,Ask3,Ask4,Ask5
0,"1.07,34","1.08,52","1.09,55","1.1,100","1.11,6",1.11791,"1.12,2","1.13,68","1.14,34","1.15,83","1.16,145"
,price,lots,type,time
0,1.11,25,SELL,15:50:38
,Bid5,Bid4,Bid3,Bid2,Bid1,core,Ask1,Ask2,Ask3,Ask4,Ask5
0,"1.07,34","1.08,52","1.09,55","1.1,100","1.11,6",1.11449,"1.12,17","1.13,68","1.14,34","1.15,83","1.16,145"
,Bid5,Bid4,Bid3,Bid2,Bid1,core,Ask1,Ask2,Ask3,Ask4,Ask5
0,"1.07,34","1.08,52","1.09,55","1.1,100","1.11,6",1.11457,"1.12,16","1.13,68","1.14,34","1.15,83","1.16,145"
,price,lots,type,time
0,1.12,1,BUY,15:50:54
,Bid5,Bid4,Bid3,Bid2,Bid1,core,Ask1,Ask2,Ask3,Ask4,Ask5
0,"1.07,34","1.08,52","1.09,55","1.1,100","1.11,6",1.11457,"1.12,16","1.13,68","1.14,34","1.15,85","1.16,145"
,Bid5,Bid4,Bid3,Bid2,Bid1,core,Ask1,Ask2,Ask3,Ask4,Ask5
0,"1.07,34","1.08,52","1.09,55","1.1,100","1.11,6",1.11546,"1.12,9","1.13,68","1.14,34","1.15,85","1.16,145"
,price,lots,type,time
0,1.12,7,BUY,15:51:11
,Bid5,Bid4,Bid3,Bid2,Bid1,core,Ask1,Ask2,Ask3,Ask4,Ask5
0,"1.06,13","1.07,34","1.08,52","1.09,55","1.1,72",1.11565,"1.12,9","1.13,68","1.14,34","1.15,85","1.16,145"
,price,lots,type,time
0,1.11,6,SELL,15:53:31
1,1.1,28,SELL,15:53:31
,Bid5,Bid4,Bid3,Bid2,Bid1,core,Ask1,Ask2,Ask3,Ask4,Ask5
0,"1.06,13","1.07,34","1.08,52","1.09,55","1.1,72",1.10995,"1.11,4","1.12,9","1.13,68","1.14,34","1.15,85"
,Bid5,Bid4,Bid3,Bid2,Bid1,core,Ask1,Ask2,Ask3,Ask4,Ask5
0,"1.06,13","1.07,34","1.08,52","1.09,75","1.1,72",1.11016,"1.11,4","1.12,9","1.13,68","1.14,34","1.15,85"
,Bid5,Bid4,Bid3,Bid2,Bid1,core,Ask1,Ask2,Ask3,Ask4,Ask5
0,"1.06,13","1.07,34","1.08,32","1.09,75","1.1,72",1.10959,"1.11,4","1.12,9","1.13,68","1.14,34","1.15,85"
,Bid5,Bid4,Bid3,Bid2,Bid1,core,Ask1,Ask2,Ask3,Ask4,Ask5
0,"1.06,13","1.07,34","1.08,32","1.09,75","1.1,72",1.10882,"1.11,14","1.12,9","1.13,68","1.14,34","1.15,85"
,Bid5,Bid4,Bid3,Bid2,Bid1,core,Ask1,Ask2,Ask3,Ask4,Ask5
0,"1.06,13","1.07,34","1.08,32","1.09,75","1.1,72",1.10882,"1.11,14","1.12,9","1.13,68","1.14,34","1.15,85"
,Bid5,Bid4,Bid3,Bid2,Bid1,core,Ask1,Ask2,Ask3,Ask4,Ask5
0,"1.05,34","1.06,13","1.07,34","1.08,32","1.09,75",1.10086,"1.1,3","1.11,14","1.12,9","1.13,68","1.14,34"
,price,lots,type,time
0,1.1,72,SELL,15:55:42
,Bid5,Bid4,Bid3,Bid2,Bid1,core,Ask1,Ask2,Ask3,Ask4,Ask5
0,"1.05,34","1.06,13","1.07,34","1.08,32","1.09,75",1.09984,"1.1,3","1.11,14","1.12,24","1.13,68","1.14,34"
,Bid5,Bid4,Bid3,Bid2,Bid1,core,Ask1,Ask2,Ask3,Ask4,Ask5
0,"1.05,34","1.06,13","1.07,34","1.08,32","1.09,75",1.09907,"1.1,13","1.11,14","1.12,24","1.13,68","1.14,34"
,Bid5,Bid4,Bid3,Bid2,Bid1,core,Ask1,Ask2,Ask3,Ask4,Ask5
0,"1.05,34","1.06,13","1.07,34","1.08,32","1.09,75",1.0989,"1.1,13","1.11,16","1.12,24","1.13,68","1.14,34"
,Bid5,Bid4,Bid3,Bid2,Bid1,core,Ask1,Ask2,Ask3,Ask4,Ask5
0,"1.05,34","1.06,13","1.07,34","1.08,32","1.09,75",1.0989,"1.1,13","1.11,16","1.12,24","1.13,68","1.14,34"
,Bid5,Bid4,Bid3,Bid2,Bid1,core,Ask1,Ask2,Ask3,Ask4,Ask5
0,"1.05,34","1.06,13","1.07,34","1.08,32","1.09,75",1.09966,"1.1,3","1.11,16","1.12,24","1.13,68","1.14,34"
,price,lots,type,time
0,1.1,10,BUY,15:58:41
,Bid5,Bid4,Bid3,Bid2,Bid1,core,Ask1,Ask2,Ask3,Ask4,Ask5
0,"1.05,34","1.06,13","1.07,34","1.08,35","1.09,75",1.09978,"1.1,3","1.11,16","1.12,24","1.13,68","1.14,34"
,Bid5,Bid4,Bid3,Bid2,Bid1,core,Ask1,Ask2,Ask3,Ask4,Ask5
0,"1.05,34","1.06,13","1.07,34","1.08,35","1.09,75",1.09987,"1.1,2","1.11,16","1.12,24","1.13,68","1.14,34"
,price,lots,type,time
0,1.1,1,BUY,15:58:47
,Bid5,Bid4,Bid3,Bid2,Bid1,core,Ask1,Ask2,Ask3,Ask4,Ask5
0,"1.05,34","1.06,13","1.07,34","1.08,35","1.09,65",1.09984,"1.1,2","1.11,16","1.12,24","1.13,68","1.14,34"
,Bid5,Bid4,Bid3,Bid2,Bid1,core,Ask1,Ask2,Ask3,Ask4,Ask5
0,"1.05,34","1.06,13","1.07,34","1.08,35","1.09,65",1.10412,"1.11,15","1.12,24","1.13,68","1.14,34","1.15,88"
,price,lots,type,time
0,1.1,2,BUY,15:59:08
1,1.11,1,BUY,15:59:08
,Bid5,Bid4,Bid3,Bid2,Bid1,core,Ask1,Ask2,Ask3,Ask4,Ask5
0,"1.05,34","1.06,13","1.07,34","1.08,35","1.09,65",1.1001,"1.1,2","1.11,13","1.12,24","1.13,68","1.14,34"
,Bid5,Bid4,Bid3,Bid2,Bid1,core,Ask1,Ask2,Ask3,Ask4,Ask5
0,"1.05,34","1.06,13","1.07,34","1.08,35","1.09,65",1.10456,"1.11,12","1.12,24","1.13,68","1.14,34","1.15,88"
,price,lots,type,time
0,1.1,2,BUY,15:59:30
1,1.11,1,BUY,15:59:30
,Bid5,Bid4,Bid3,Bid2,Bid1,core,Ask1,Ask2,Ask3,Ask4,Ask5
0,"1.05,34","1.06,13","1.07,34","1.08,35","1.09,68",1.10465,"1.11,12","1.12,24","1.13,68","1.14,34","1.15,88"
,Bid5,Bid4,Bid3,Bid2,Bid1,core,Ask1,Ask2,Ask3,Ask4,Ask5
0,"1.05,34","1.06,13","1.07,34","1.08,35","1.09,68",1.0995,"1.1,10","1.11,12","1.12,24","1.13,68","1.14,34"
,Bid5,Bid4,Bid3,Bid2,Bid1,core,Ask1,Ask2,Ask3,Ask4,Ask5
0,"1.05,34","1.06,13","1.07,34","1.08,35","1.09,58",1.10435,"1.11,12","1.12,24","1.13,68","1.14,34","1.15,88"
,price,lots,type,time
0,1.09,10,SELL,15:59:58
